id	pos	category	lemma	num_id
NL58	NOUN	COG	imbeciliteit	58
NL61	NOUN	COG	achterlijkheid	61
NL62	NOUN	COG	retardatie	62
NL63	NOUN	COG	oligofrenie	63
NL65	NOUN	COG	debilitas	65
NL70	NOUN	COG	debiliteit	70
NL71	NOUN	COG	idiotisme	71
NL72	NOUN	COG	imbeciel	72
NL73	NOUN	COG	debiel	73
NL75	NOUN	COG	idioot	75
NL78	NOUN	COG	idiotie	78
NL91	NOUN	MOR	eigendunk	91
NL92	NOUN	MOR	arrogantie	92
NL94	NOUN	MOR	ijdelheid	94
NL95	NOUN	MOR	verwaandheid	95
NL104	NOUN	SEX	sodomeur	104
NL115	NOUN	ANI	luiaard	115
NL226	NOUN	MOR	zwartmaker	226
NL227	NOUN	MOR	kwatong	227
NL228	NOUN	MOR	lasteraar	228
NL254	NOUN	COG	domkop	254
NL256	NOUN	COG	dombo	256
NL257	NOUN	MGE	eikel	257
NL259	NOUN	ANI	kalf	259
NL263	NOUN	COG	stomkop	263
NL264	NOUN	DER	lijpo	264
NL265	NOUN	DER	kloris	265
NL266	NOUN	COG	dommerik	266
NL267	NOUN	REL	kwezel	267
NL268	NOUN	ANI	kuiken	268
NL269	NOUN	ANI	steenezel	269
NL270	NOUN	COG	halvezool	270
NL271	NOUN	COG	stommerd	271
NL272	NOUN	COG	schaapskop	272
NL273	NOUN	COG	hansworst	273
NL274	NOUN	COG	druiloor	274
NL275	NOUN	DER	piechem	275
NL278	NOUN	ANI	kalfskop	278
NL279	NOUN	DER	boerenlul	279
NL280	NOUN	ANI	ezel	280
NL281	NOUN	DER	droplul	281
NL282	NOUN	ANI	koe	282
NL283	NOUN	COG	oelewapper	283
NL288	NOUN	DER	zot	288
NL289	NOUN	COG	weetniet	289
NL290	NOUN	ANI	uilskuiken	290
NL292	NOUN	COG	kwibus	292
NL293	NOUN	DER	sufkut	293
NL294	NOUN	COG	domoor	294
NL295	NOUN	DER	flapdrol	295
NL296	NOUN	PLA	druif	296
NL297	NOUN	COG	onbenul	297
NL298	NOUN	COG	oen	298
NL299	NOUN	ANI	ezelsveulen	299
NL301	NOUN	ANI	eendenkuiken	301
NL302	NOUN	DER	zakkenwasser	302
NL303	NOUN	ETH	kaffer	303
NL305	NOUN	DER	dwaas	305
NL307	NOUN	COG	sufkont	307
NL308	NOUN	COG	minkukel	308
NL309	NOUN	DER	malloot	309
NL310	NOUN	DER	zultkop	310
NL311	NOUN	DER	oetlul	311
NL312	NOUN	COG	mafketel	312
NL313	NOUN	COG	leeghoofd	313
NL314	NOUN	COG	sufferd	314
NL315	NOUN	ANI	rund	315
NL317	NOUN	COG	stommeling	317
NL318	NOUN	COG	stommerik	318
NL319	NOUN	DER	mafkees	319
NL321	NOUN	ANI	mafkikker	321
NL322	NOUN	COG	achterlijke	322
NL326	NOUN	MGE	klootzak	326
NL328	NOUN	PHY	dikkop	328
NL365	NOUN	MOR	gierigaard	365
NL366	NOUN	MOR	krentenkakker	366
NL367	NOUN	MOR	schraper	367
NL368	NOUN	MOR	vrek	368
NL369	NOUN	MOR	krentenweger	369
NL370	NOUN	MOR	duitendief	370
NL373	NOUN	COG	woordenkakker	373
NL374	NOUN	COG	leuteraar	374
NL375	NOUN	COG	kletsmajoor	375
NL376	NOUN	COG	kletskous	376
NL377	NOUN	COG	zwetser	377
NL378	NOUN	COG	babbelkous	378
NL379	NOUN	COG	flapuit	379
NL380	NOUN	COG	kletsmeier	380
NL381	NOUN	COG	kwebbel	381
NL382	NOUN	COG	zwammer	382
NL383	NOUN	COG	keuvelaar	383
NL420	ADJ	MOR	gelddorstig	420
NL427	NOUN	MOR	rover	427
NL428	NOUN	MOR	picaro	428
NL429	NOUN	MOR	bandiet	429
NL430	NOUN	DER	gauwdief	430
NL431	NOUN	MOR	schurk	431
NL432	NOUN	MOR	struikrover	432
NL435	NOUN	DER	boerenkaffer	435
NL436	NOUN	DER	pummel	436
NL438	NOUN	DER	hork	438
NL442	NOUN	DER	vlegel	442
NL443	NOUN	MOR	proleet	443
NL445	NOUN	SOC	plebejer	445
NL446	NOUN	DER	heikneuter	446
NL447	NOUN	DER	kinkel	447
NL449	NOUN	DER	hufter	449
NL450	NOUN	DER	boerenhufter	450
NL452	NOUN	DER	botterik	452
NL453	ADJ	COG	barbaars	453
NL454	NOUN	DER	lomperik	454
NL455	NOUN	DER	rouwdouw	455
NL456	NOUN	PRO	boerenkinkel	456
NL457	NOUN	PRO	boerenpummel	457
NL458	NOUN	DER	rouwdouwer	458
NL459	NOUN	COG	barbaar	459
NL460	NOUN	SOC	palurk	460
NL463	NOUN	DER	lomperd	463
NL464	NOUN	DER	plomperd	464
NL465	NOUN	DER	grobbejanus	465
NL466	NOUN	DER	boerenkarhengst	466
NL528	NOUN	DER	blauwkous	528
NL531	NOUN	DER	sul	531
NL533	NOUN	DER	sukkel	533
NL542	NOUN	DER	sufkop	542
NL549	NOUN	COG	sufferig	549
NL558	NOUN	PRS	snol	558
NL561	NOUN	PRS	lichtekooi	561
NL565	NOUN	PRS	temeier	565
NL568	NOUN	PRS	cocotte	568
NL569	NOUN	PRS	hoer	569
NL570	NOUN	PRS	kalle	570
NL572	NOUN	DER	slons	572
NL573	NOUN	PRS	slet	573
NL575	NOUN	PRS	del	575
NL578	NOUN	PRS	stoephoer	578
NL579	NOUN	PRS	straatprostituee	579
NL582	NOUN	PRS	tippelaarster	582
NL584	NOUN	PRS	straatmadelief	584
NL645	ADJ	COG	stom	645
NL646	ADJ	COG	dom	646
NL701	NOUN	MOR	verklikker	701
NL723	NOUN	DER	ploert	723
NL724	NOUN	ANI	sloddervos	724
NL727	NOUN	ANI	zwijn	727
NL728	NOUN	DER	viezerik	728
NL729	NOUN	DER	smeerlap	729
NL736	NOUN	DER	mormel	736
NL737	NOUN	DER	onderkruiper	737
NL740	NOUN	DER	stakingsbreker	740
NL741	NOUN	DER	lazersteen	741
NL744	NOUN	ANI	serpent	744
NL745	NOUN	DER	schoelje	745
NL750	NOUN	DER	loeder	750
NL751	NOUN	MOR	gemenerik	751
NL752	NOUN	MOR	schoft	752
NL753	NOUN	MOR	etterbak	753
NL754	NOUN	DER	beroerling	754
NL755	NOUN	DIS	tyfuslijer	755
NL756	NOUN	DIS	kankerlijer	756
NL757	NOUN	DER	lamstraal	757
NL758	NOUN	ANI	hond	758
NL759	NOUN	DER	lulhannes	759
NL760	NOUN	DER	sekreet	760
NL761	NOUN	DIS	klerelijer	761
NL762	NOUN	MGE	hondenlul	762
NL763	NOUN	DER	pokkenvent	763
NL764	NOUN	DIS	kelerelijer	764
NL765	NOUN	ANI	kwal	765
NL766	NOUN	DER	lamgat	766
NL767	NOUN	MGE	lulletje	767
NL770	NOUN	MGE	lul	770
NL771	NOUN	DER	mispunt	771
NL774	NOUN	PHY	lelijkerd	774
NL775	NOUN	DER	fielt	775
NL777	NOUN	DIS	pokkenlijer	777
NL778	NOUN	DER	lazerstraal	778
NL779	NOUN	DIS	pokkenlijder	779
NL780	NOUN	ANI	kloothommel	780
NL781	NOUN	DIS	etterbuil	781
NL782	NOUN	DER	lamzak	782
NL784	NOUN	DER	miesgasser	784
NL785	NOUN	DER	klootspiraal	785
NL786	NOUN	DER	smiecht	786
NL787	NOUN	DER	onverlaat	787
NL788	NOUN	DER	ellendeling	788
NL789	NOUN	DIS	pleurislijder	789
NL790	NOUN	DER	vuilak	790
NL791	NOUN	MGE	paardenlul	791
NL792	NOUN	DER	lammeling	792
NL793	NOUN	DIS	etter	793
NL794	NOUN	MOR	patjakker	794
NL795	NOUN	DER	plurk	795
NL796	NOUN	DER	rotzak	796
NL797	NOUN	PRS	hoerenjong	797
NL798	NOUN	DER	rasploert	798
NL799	NOUN	DER	naarling	799
NL807	NOUN	MOR	chanteur	807
NL823	NOUN	DER	misslag	823
NL830	NOUN	DER	stommelen	830
NL842	ADJ	ANI	ezelachtig	842
NL847	NOUN	DER	snoever	847
NL848	NOUN	DER	pocher	848
NL850	NOUN	DER	blaaskaak	850
NL853	NOUN	REL	dweperij	853
NL855	NOUN	REL	bigotterie	855
NL863	NOUN	DER	blunderaar	863
NL864	NOUN	DER	stumper	864
NL866	NOUN	DER	roffelaar	866
NL868	NOUN	DER	klungel	868
NL869	NOUN	DER	prutser	869
NL870	NOUN	DER	knoeier	870
NL871	NOUN	DER	klungelaar	871
NL872	NOUN	DER	beunhaas	872
NL873	NOUN	DER	kluns	873
NL874	NOUN	DER	stoethaspel	874
NL941	NOUN	ANI	buffel	941
NL942	NOUN	SEX	sodomiet	942
NL944	NOUN	SEX	sodomist	944
NL957	NOUN	MOR	egotisme	957
NL958	NOUN	MOR	zelfzuchtigheid	958
NL959	NOUN	MOR	egoïsme	959
NL960	NOUN	MOR	zelfzucht	960
NL961	NOUN	MOR	ikzuchtig	961
NL962	NOUN	MOR	ikzucht	962
NL963	NOUN	MOR	egoïstische	963
NL964	NOUN	MOR	egoïstisch	964
NL976	NOUN	MOR	hovaardigheid	976
NL977	NOUN	MOR	verwatenheid	977
NL978	NOUN	MOR	hooghartigheid	978
NL979	NOUN	MOR	zelfingenomenheid	979
NL983	NOUN	MOR	eigenwaan	983
NL987	NOUN	ANI	os	987
NL990	NOUN	DER	snertvent	990
NL991	NOUN	MOR	zwijnjak	991
NL992	NOUN	DER	taddik	992
NL994	NOUN	DER	vuilik	994
NL996	NOUN	DER	vuilpeuk	996
NL997	NOUN	MOR	gannef	997
NL998	NOUN	MOR	spitsboef	998
NL1000	NOUN	DER	toddik	1000
NL1002	NOUN	SOC	bietser	1002
NL1003	NOUN	DER	viespeuk	1003
NL1004	NOUN	ANI	vuilpoes	1004
NL1005	NOUN	DER	kwaaddoener	1005
NL1007	NOUN	DER	goorlap	1007
NL1009	NOUN	MOR	uitvreter	1009
NL1010	NOUN	DER	smeerpoets	1010
NL1013	NOUN	DER	booswicht	1013
NL1015	NOUN	SOC	landloper	1015
NL1018	NOUN	MOR	snoodaard	1018
NL1019	NOUN	DER	smeerkees	1019
NL1020	NOUN	MOR	galgenaas	1020
NL1021	NOUN	MOR	galgebrok	1021
NL1022	NOUN	MOR	klaploper	1022
NL1023	NOUN	DER	leegloper	1023
NL1028	NOUN	DER	nietsnut	1028
NL1030	NOUN	DER	gespuis	1030
NL1108	NOUN	DER	kreng	1108
NL1125	NOUN	SOC	paria	1125
NL1128	NOUN	DER	zwakkeling	1128
NL1129	NOUN	DER	watje	1129
NL1130	NOUN	DER	lapzwans	1130
NL1131	NOUN	DER	bloemzak	1131
NL1134	NOUN	DER	slappeling	1134
NL1135	NOUN	DER	bangeschijter	1135
NL1138	NOUN	DER	doetje	1138
NL1139	NOUN	DER	bangebroek	1139
NL1140	NOUN	DER	schijtlaars	1140
NL1141	NOUN	SEX	mietje	1141
NL1142	NOUN	DER	schijter	1142
NL1145	NOUN	DER	bangerd	1145
NL1147	NOUN	ANI	hazenhart	1147
NL1148	NOUN	ANI	schijtlijster	1148
NL1149	NOUN	DER	kakkebroek	1149
NL1150	NOUN	DER	schijtebroek	1150
NL1151	NOUN	DER	angsthaas	1151
NL1152	NOUN	DER	bangerik	1152
NL1153	NOUN	DER	haasvreter	1153
NL1154	NOUN	DER	schijthuis	1154
NL1156	NOUN	DER	schijterd	1156
NL1157	NOUN	DER	schijtluis	1157
NL1158	NOUN	DER	zeikerd	1158
NL1159	NOUN	DER	labbekak	1159
NL1160	NOUN	DER	lafaard	1160
NL1166	ADJ	COG	gestoord	1166
NL1172	NOUN	COG	mongool	1172
NL1175	NOUN	DIS	kankerwijf	1175
NL1177	NOUN	DER	kutwijf	1177
NL1179	NOUN	ANI	teef	1179
NL1197	NOUN	MOR	lasteraar	1197
NL1201	NOUN	MOR	oplichter	1201
NL1203	NOUN	MOR	kwartjesvinder	1203
NL1205	NOUN	MOR	flessentrekker	1205
NL1208	NOUN	MOR	zwendelaar	1208
NL1209	NOUN	DER	impertinentie	1209
NL1210	NOUN	DER	insolentie	1210
NL1212	NOUN	DER	janhagel	1212
NL1213	NOUN	DER	schorremorrie	1213
NL1214	NOUN	DER	tuig	1214
NL1215	NOUN	DER	rapalje	1215
NL1227	NOUN	SEX	paederast	1227
NL1228	NOUN	SEX	pederast	1228
NL1232	NOUN	SEX	pedo	1232
NL1254	NOUN	PRO	kantoorpik	1254
NL1309	NOUN	DER	brutaaltje	1309
NL1310	NOUN	REL	verduiveld	1310
NL1311	NOUN	REL	duivel	1311
NL1313	NOUN	ANI	haantje	1313
NL1322	NOUN	SOC	burgerman	1322
NL1425	NOUN	SEX	flikker	1425
NL1430	NOUN	SEX	holtor	1430
NL1434	NOUN	SEX	reetkever	1434
NL1438	NOUN	SEX	bruinwerker	1438
NL1461	NOUN	MOR	klikker	1461
NL1465	NOUN	MOR	verlinker	1465
NL1466	NOUN	MOR	sycofant	1466
NL1467	NOUN	MOR	versliegeraar	1467
NL1470	NOUN	MOR	verrader	1470
NL1478	NOUN	DER	slapjanus	1478
NL1479	NOUN	DER	lafheid	1479
NL1480	NOUN	DER	lafhartigheid	1480
NL1483	NOUN	MOR	kwakzalver	1483
NL1484	NOUN	MOR	charlatan	1484
NL1488	NOUN	MOR	kakadoris	1488
NL1496	NOUN	DER	tennef	1496
NL1499	NOUN	DER	tinnef	1499
NL1562	NOUN	DER	rukker	1562
NL1569	NOUN	DER	klier	1569
NL1570	NOUN	DER	klojo	1570
NL1571	NOUN	DER	lastpak	1571
NL1573	NOUN	PHY	kreupele	1573
NL1574	NOUN	PHY	manke	1574
NL1594	NOUN	PHY	bultenaar	1594
NL1602	NOUN	ETH	halfbloed	1602
NL1620	NOUN	DER	melkmuil	1620
NL1621	NOUN	DER	broekje	1621
NL1622	NOUN	DER	groentje	1622
NL1642	NOUN	FGE	flamoes	1642
NL1643	NOUN	FGE	kut	1643
NL1645	NOUN	DER	trut	1645
NL1671	NOUN	DER	schavuit	1671
NL1683	NOUN	DER	klodderaar	1683
NL1684	NOUN	PRO	kladschilder	1684
NL1685	NOUN	DER	kladderaar	1685
NL1692	NOUN	MOR	volksmenner	1692
NL1693	NOUN	MOR	demagoog	1693
NL1694	NOUN	MOR	agitator	1694
NL1696	NOUN	MOR	demagogie	1696
NL1715	NOUN	MOR	intrigant	1715
NL1717	NOUN	DER	woesteling	1717
NL1723	NOUN	PHY	slungel	1723
NL1724	NOUN	DER	vlerk	1724
NL1728	NOUN	MOR	verkwister	1728
NL1731	NOUN	MOR	verbrasser	1731
NL1771	NOUN	ETH	mof	1771
NL1802	NOUN	MOR	farizeeër	1802
NL1805	NOUN	MOR	veinzaard	1805
NL1806	NOUN	MOR	draaikont	1806
NL1808	NOUN	MOR	huichelaar	1808
NL1809	NOUN	MOR	januskop	1809
NL1811	NOUN	MOR	valsaard	1811
NL1812	NOUN	MOR	hypocriet	1812
NL1813	NOUN	MOR	valserik	1813
NL1814	NOUN	MOR	veinzer	1814
NL1909	NOUN	PRO	loonslaaf	1909
NL1910	NOUN	PRO	grondwerker	1910
NL1913	NOUN	PRO	koelie	1913
NL1916	NOUN	PHY	lilliputter	1916
NL1984	NOUN	REL	zondaar	1984
NL1985	ADJ	DER	abject	1985
NL1986	ADJ	DER	verfoeilijk	1986
NL1987	ADJ	DER	detestabel	1987
NL1994	ADJ	MOR	gewetenloos	1994
NL2028	NOUN	PRS	pooier	2028
NL2029	NOUN	PRS	hoerenbaas	2029
NL2031	NOUN	PRS	bikker	2031
NL2033	NOUN	PRS	souteneur	2033
NL2051	NOUN	MOR	fascist	2051
NL2053	NOUN	ETH	zwarthemd	2053
NL2062	NOUN	MOR	knevelaar	2062
NL2075	NOUN	DER	gladakker	2075
NL2086	NOUN	PRO	viswijf	2086
NL2214	NOUN	PRS	manhoer	2214
NL2220	NOUN	DER	bemoeial	2220
NL2221	NOUN	DER	nieuwsgierigaard	2221
NL2222	NOUN	DER	regelneef	2222
NL2223	NOUN	DER	betuttelaar	2223
NL2224	NOUN	DER	moeial	2224
NL2287	NOUN	ANI	gansje	2287
NL2299	NOUN	ANI	big	2299
NL2301	NOUN	ANI	varken	2301
NL2310	NOUN	PRO	prulschrijver	2310
NL2313	NOUN	PRO	kladschrijver	2313
NL2320	ADJ	MOR	achterbaks	2320
NL2341	NOUN	MOR	dievegge	2341
NL2347	NOUN	MOR	dief	2347
NL2360	NOUN	MOR	meeloper	2360
NL2363	NOUN	MOR	jabroer	2363
NL2365	NOUN	PRO	boodschappenjongen	2365
NL2425	NOUN	ANI	kuddedier	2425
NL2433	NOUN	SOC	gepeupel	2433
NL2496	NOUN	REL	baälsdienst	2496
NL2497	ADJ	REL	afgodisch	2497
NL2501	NOUN	REL	afgodendienaar	2501
NL2503	ADJ	MOR	vrekkig	2503
NL2504	ADJ	MOR	krenterig	2504
NL2505	ADJ	MOR	gierig	2505
NL2514	NOUN	DER	belhamel	2514
NL2517	NOUN	DER	schobbejak	2517
NL2518	NOUN	DER	rekel	2518
NL2519	NOUN	DER	snotjongen	2519
NL2520	NOUN	DER	stouterik	2520
NL2521	NOUN	DER	blaag	2521
NL2522	NOUN	DER	dondersteen	2522
NL2524	NOUN	DER	donderstraal	2524
NL2525	NOUN	DER	lorejas	2525
NL2527	NOUN	DER	bengel	2527
NL2528	NOUN	DER	apenkop	2528
NL2530	NOUN	DER	stouterd	2530
NL2531	NOUN	DER	doerak	2531
NL2534	NOUN	DER	kwajongen	2534
NL2535	NOUN	ANI	aap	2535
NL2568	NOUN	SOC	armoedzaaier	2568
NL2573	NOUN	SOC	pauper	2573
NL2608	NOUN	PRO	schoolfrik	2608
NL2616	NOUN	PRO	frik	2616
NL2632	NOUN	MOR	volksverlakker	2632
NL2634	ADJ	MOR	immoreel	2634
NL2637	ADJ	MOR	laaghartig	2637
NL2638	ADJ	MOR	voos	2638
NL2664	NOUN	MOR	liegbeest	2664
NL2665	NOUN	MOR	jokkebrok	2665
NL2666	NOUN	MOR	luilak	2666
NL2667	NOUN	MOR	luierik	2667
NL2701	NOUN	MOR	woekeraar	2701
NL2818	NOUN	MOR	kruimelaar	2818
NL2854	NOUN	SOC	minimumlijder	2854
NL2865	NOUN	MOR	geldwolf	2865
NL2899	NOUN	PRO	vakidioot	2899
NL2901	NOUN	DER	nerd	2901
NL2914	NOUN	PRO	juut	2914
NL2920	NOUN	PRO	klabak	2920
NL2966	NOUN	PHY	vetzak	2966
NL3006	NOUN	ANI	papegaai	3006
NL3013	ADJ	PHY	schriel	3013
NL3045	ADJ	MOR	arrogant	3045
NL3048	NOUN	MOR	afperser	3048
NL3050	NOUN	ANI	rat	3050
NL3074	NOUN	DER	raddraaier	3074
NL3082	NOUN	ETH	kleurling	3082
NL3090	NOUN	ANI	haai	3090
NL3115	NOUN	ANI	schaap	3115
NL3117	NOUN	DER	sulligheid	3117
NL3144	NOUN	COG	mongoloïde	3144
NL3154	NOUN	PHY	onderkruipsel	3154
NL3156	NOUN	DER	narcist	3156
NL3157	NOUN	DER	narcistisch	3157
NL3165	ADJ	DER	egoïstisch	3165
NL3166	ADJ	DER	egocentrisch	3166
NL3169	NOUN	ETH	neger	3169
NL3170	NOUN	ETH	negerin	3170
NL3172	NOUN	ETH	nikker	3172
NL3174	NOUN	ETH	moor	3174
NL3176	NOUN	ETH	roetmop	3176
NL3223	NOUN	ANI	gans	3223
NL3268	NOUN	MOR	folteraar	3268
NL3289	NOUN	ANI	adder	3289
NL3291	NOUN	ANI	gier	3291
NL3316	VERB	DER	verkloten	3316
NL3319	VERB	DER	vergallen	3319
NL3325	VERB	DER	verkankelemienen	3325
NL3335	VERB	DIS	verkankeren	3335
NL3336	NOUN	SOC	uitkeringstrekker	3336
NL3337	NOUN	SOC	steuntrekker	3337
NL3341	NOUN	SOC	bedelaar	3341
NL3442	NOUN	MOR	pedant	3442
NL3443	NOUN	DER	weetal	3443
NL3444	NOUN	DER	wijsneus	3444
NL3445	NOUN	DER	boekenwurm	3445
NL3446	NOUN	DER	veelweter	3446
NL3449	NOUN	DER	betweter	3449
NL3465	NOUN	MOR	krentenpikker	3465
NL3466	NOUN	MOR	zakkenvuller	3466
NL3467	NOUN	MOR	profiteur	3467
NL3468	NOUN	MOR	afzetter	3468
NL3478	NOUN	DER	gesmoes	3478
NL3479	NOUN	SOC	bedelman	3479
NL3480	NOUN	DER	zeiker	3480
NL3481	NOUN	DER	kniesoor	3481
NL3482	NOUN	DER	zeurpiet	3482
NL3483	NOUN	DER	zanik	3483
NL3484	NOUN	DER	huilbaby	3484
NL3485	NOUN	DER	zanikpot	3485
NL3487	NOUN	DER	jengel	3487
NL3488	NOUN	DER	brombeer	3488
NL3490	NOUN	DER	zemelap	3490
NL3491	NOUN	DER	jankepot	3491
NL3492	NOUN	DER	teem	3492
NL3493	NOUN	ETH	bleeksnoet	3493
NL3495	NOUN	DER	jammeraar	3495
NL3496	NOUN	DER	zeur	3496
NL3497	NOUN	DER	zeikstraal	3497
NL3498	NOUN	DER	zemelaar	3498
NL3499	NOUN	DER	zeveraar	3499
NL3500	NOUN	DER	zever	3500
NL3502	NOUN	DER	jankerd	3502
NL3503	NOUN	DER	griener	3503
NL3504	NOUN	DER	zeiksnor	3504
NL3505	NOUN	DER	zeurkous	3505
NL3506	NOUN	DER	zemel	3506
NL3507	NOUN	DER	janker	3507
NL3508	NOUN	DER	huilebalk	3508
NL3509	NOUN	DER	zageman	3509
NL3510	NOUN	DER	zaniker	3510
NL3511	NOUN	DER	klager	3511
NL3512	NOUN	DER	zeikvent	3512
NL3533	ADJ	MOR	hebberig	3533
NL3546	ADJ	PHY	lelijk	3546
NL3553	ADJ	DER	aanmatigend	3553
NL3554	ADJ	DER	pretentieus	3554
NL3555	ADJ	DER	hooghartig	3555
NL3556	ADJ	DER	zelfingenomen	3556
NL3557	ADJ	MOR	zelfgenoegzaam	3557
NL3559	ADJ	DER	hautain	3559
NL3560	ADJ	MOR	verwaand	3560
NL3561	ADJ	DER	arrogant	3561
NL3628	ADJ	MOR	ijdel	3628
NL3630	ADJ	MOR	vals	3630
NL3642	ADJ	DER	laf	3642
NL3643	ADJ	DER	lafhartig	3643
NL3644	NOUN	MOR	uitzuiger	3644
NL3645	NOUN	PRS	hoerenloper	3645
NL3650	ADJ	PHY	mank	3650
NL3651	ADJ	PHY	kreupel	3651
NL3710	NOUN	DER	strooplikker	3710
NL3711	NOUN	DER	mooidoener	3711
NL3713	NOUN	DER	kruiper	3713
NL3715	NOUN	DER	pluimstrijker	3715
NL3742	ADJ	DER	fascistisch	3742
NL3773	NOUN	DER	snob	3773
NL3778	NOUN	DER	pedanterie	3778
NL3779	NOUN	DER	waanwijsheid	3779
NL3789	NOUN	ANI	bloedzuiger	3789
NL3794	NOUN	DER	champetter	3794
NL3795	NOUN	DER	koddebeier	3795
NL3808	NOUN	DER	jandoedel	3808
NL3809	NOUN	DER	modderaar	3809
NL3810	NOUN	DER	dreutel	3810
NL3811	NOUN	DER	duts	3811
NL3813	NOUN	COG	knurft	3813
NL3814	NOUN	COG	hannes	3814
NL3815	NOUN	DER	lummel	3815
NL3817	NOUN	DER	stuntelaar	3817
NL3819	NOUN	DER	broddelaar	3819
NL3837	ADJ	SOC	schamel	3837
NL3847	ADJ	COG	onnozel	3847
NL3848	ADJ	COG	suf	3848
NL3849	ADJ	COG	achterlijk	3849
NL3850	ADJ	COG	zwakhoofdig	3850
NL3851	ADJ	COG	hersenloos	3851
NL3852	ADJ	COG	stompzinnig	3852
NL3856	ADJ	COG	stupide	3856
NL3857	ADJ	COG	idioot	3857
NL3859	ADJ	COG	oenig	3859
NL3861	ADJ	COG	breinloos	3861
NL3864	ADJ	COG	geesteloos	3864
NL3892	NOUN	ANI	bloedhond	3892
NL3898	ADJ	COG	imbeciel	3898
NL3899	ADJ	COG	debiel	3899
NL3990	NOUN	DER	iezegrim	3990
NL3991	NOUN	DIS	kankeraar	3991
NL4052	NOUN	DER	helleveeg	4052
NL4122	ADJ	MOR	zedeloos	4122
NL4123	ADJ	MOR	amoreel	4123
NL4124	ADJ	MOR	onzedig	4124
NL4125	NOUN	DER	bloodaard	4125
NL4126	ADJ	DER	lafhartig	4126
NL4151	NOUN	REL	apostaat	4151
NL4152	NOUN	REL	afgevallene	4152
NL4156	NOUN	REL	renegaat	4156
NL4157	NOUN	REL	afvallige	4157
NL4189	NOUN	REL	kafir	4189
NL4190	NOUN	ANI	ezelachtige	4190
NL4191	NOUN	MOR	jaman	4191
NL4192	NOUN	DER	lanterfant	4192
NL4193	NOUN	DER	flierefluiter	4193
NL4194	NOUN	DER	lanterfanter	4194
NL4195	NOUN	DER	slampamper	4195
NL4196	NOUN	DER	baliekluiver	4196
NL4197	NOUN	DER	beuzelaar	4197
NL4198	NOUN	MOR	doeniet	4198
NL4199	NOUN	DER	geitenbreier	4199
NL4200	NOUN	DER	kaaiewaaier	4200
NL4201	NOUN	DER	lamlul	4201
NL4202	NOUN	DER	ledigganger	4202
NL4203	NOUN	DER	slapkous	4203
NL4204	NOUN	DER	luiwammes	4204
NL4205	NOUN	DER	straatslijper	4205
NL4206	NOUN	DER	nozem	4206
NL4207	NOUN	DER	sjappie	4207
NL4208	NOUN	DER	sjappietouwer	4208
NL4209	NOUN	ETH	zwartjoekel	4209
NL4210	NOUN	ETH	spleetoog	4210
NL4211	NOUN	COG	oligofreen	4211
NL4212	NOUN	PRO	kantoorpiemel	4212
NL4213	NOUN	PRO	kantoorknuppel	4213
NL4214	NOUN	PRO	inktkoelie	4214
NL4215	NOUN	PRO	inktjurk	4215
NL4216	NOUN	PRO	papierneuker	4216
NL4217	NOUN	PRO	bureauhengst	4217
NL4218	NOUN	PLA	aardappelhoofd	4218
NL4219	NOUN	PHY	mankepoot	4219
NL4220	ADJ	DER	dwaze	4220
NL4221	NOUN	LOC	bosjesman	4221
NL4222	NOUN	ETH	bleekscheet	4222
NL4223	NOUN	PRS	bermslet	4223
NL4224	NOUN	PRS	heroïnehoer	4224
NL4225	NOUN	PRS	greppeldel	4225
NL4226	NOUN	PRS	portieksnol	4226
NL4227	NOUN	PRS	trottoirprostituee	4227
NL4229	NOUN	PRS	slijtmuts	4229
NL4230	NOUN	PRS	stoepslet	4230
NL4231	NOUN	ETH	geitenneuker	4231
NL4232	NOUN	PRO	regelneuker	4232
NL4233	NOUN	PRO	staatshoer	4233
NL4234	NOUN	PRS	sloerie	4234
NL4235	NOUN	LOC	bosneger	4235
NL4236	NOUN	ETH	chingchong	4236
NL4237	NOUN	ETH	olijfneuker	4237
NL4238	NOUN	SEX	kankernicht	4238
NL4239	NOUN	SEX	sodeflikker	4239
NL4240	NOUN	SEX	geslachtsfaker	4240
NL4241	NOUN	SEX	jurkofiel	4241
NL4242	NOUN	SEX	manwijf	4242
NL4243	NOUN	SEX	donswerker	4243
NL4244	NOUN	SEX	kinderprikker	4244
NL4245	NOUN	SEX	blokpot	4245
NL4246	NOUN	SEX	anaalridder	4246
NL4247	NOUN	SEX	aarsridder	4247
NL4248	NOUN	SEX	anaalvandaal	4248
NL4249	NOUN	SEX	bilridder	4249
NL4250	NOUN	SEX	bruinduiker	4250
NL4251	NOUN	SEX	bruinridder	4251
NL4252	NOUN	SEX	darmcowboy	4252
NL4253	NOUN	SEX	darmkanaaladmiraal	4253
NL4254	NOUN	SEX	endeldarmtoerist	4254
NL4255	NOUN	SEX	kontkrijger	4255
NL4256	NOUN	SEX	kontridder	4256
NL4257	NOUN	SEX	kringspiermusketier	4257
NL4258	NOUN	SEX	kringspierpionier	4258
NL4259	NOUN	SEX	miet	4259
NL4260	NOUN	SEX	rectaalrecreant	4260
NL4261	NOUN	SEX	reetatleet	4261
NL4262	NOUN	SEX	reetkever	4262
NL4263	NOUN	SEX	reetridder	4263
NL4264	NOUN	SEX	sluitspiermusketier	4264
NL4265	NOUN	ETH	schapenneuker	4265
NL4266	NOUN	DER	boerenhengst	4266
NL4267	NOUN	DER	onnozelaar	4267
NL4268	NOUN	SOC	tokkie	4268
NL4269	NOUN	DER	smeerpijp	4269
NL4270	NOUN	DER	goorling	4270
NL4271	NOUN	DER	lellebel	4271
NL4272	NOUN	DER	knoeipot	4272
NL4273	NOUN	DER	kliederaar	4273
NL4274	NOUN	DER	onterik	4274
NL4275	NOUN	DER	smeerkanis	4275
NL4276	NOUN	MOR	kwaadspreker	4276
NL4277	NOUN	MOR	slangentong	4277
NL4278	NOUN	MOR	vuilspuiter	4278
NL4279	NOUN	MOR	addertong	4279
NL4280	NOUN	REL	ketter	4280
NL4281	NOUN	ANI	aasgier	4281
NL4282	NOUN	MOR	nsb'er	4282
NL4283	NOUN	MOR	volksruier	4283
NL4284	NOUN	MOR	volksmisleider	4284
NL4285	NOUN	MOR	ochloraat	4285
NL4286	NOUN	SEX	aambeienlikker	4286
NL4287	NOUN	SEX	aambeienplukker	4287
NL4288	NOUN	SEX	aambeienrooier	4288
NL4289	NOUN	SEX	aambeienschoffelaar	4289
NL4290	NOUN	SEX	aambeientrekker	4290
NL4291	NOUN	DER	baardaap	4291
NL4292	NOUN	SEX	kech	4292
NL4293	ADJ	COG	zwakzinnig	4293
NL4294	NOUN	PLA	snijboon	4294
NL4295	NOUN	ANI	aasgier	4295
NL4296	NOUN	DIS	aidslijer	4296
NL4297	NOUN	DER	aso	4297
NL4298	NOUN	DER	azijnzeiker	4298
NL4299	NOUN	DER	azijnpisser	4299
NL4300	NOUN	MOR	centenbijter	4300
NL4301	NOUN	MOR	centenneuker	4301
NL4302	NOUN	DER	chappie	4302
NL4303	NOUN	ETH	chink	4303
NL4304	NOUN	ETH	rijstepikker	4304
NL4305	NOUN	PRS	chocoladesnol	4305
NL4306	NOUN	PRS	chocoladehoer	4306
NL4307	NOUN	PRS	chocolademadchen	4307
NL4308	NOUN	REL	christenhond	4308
NL4309	NOUN	PRO	cijferneuker	4309
NL4310	NOUN	PRO	cijferkonijn	4310
NL4311	NOUN	DER	knor	4311
NL4312	NOUN	DER	gajes	4312
NL4313	NOUN	ANI	haai	4313
NL4314	NOUN	DER	haantjepik	4314
NL4315	NOUN	DER	halvegare	4315
NL4316	NOUN	DER	hapsnurker	4316
NL4317	NOUN	MOR	ijdeltuit	4317
NL4318	NOUN	MOR	ijskoningin	4318
NL4319	NOUN	ANI	jakhals	4319
NL4320	NOUN	ETH	kaashoer	4320
NL4321	NOUN	DER	kakmadam	4321
NL4322	NOUN	DER	kakmevrouw	4322
NL4323	NOUN	DER	kakmamsel	4323
NL4324	NOUN	DER	kakdame	4324
NL4325	NOUN	DER	kakker	4325
NL4326	NOUN	MOR	ladelichter	4326
NL4327	NOUN	DER	lafbek	4327
NL4328	NOUN	DER	lammerd	4328
NL4329	NOUN	DER	lamoor	4329
NL4330	NOUN	ETH	macaronivreter	4330
NL4331	NOUN	DER	mafkut	4331
NL4332	NOUN	ETH	naffer	4332
NL4333	NOUN	DER	natnek	4333
NL4334	NOUN	DER	nathals	4334
NL4335	NOUN	DER	nazivarken	4335
NL4336	NOUN	SOC	ochtendrat	4336
NL4337	NOUN	REL	bijbelneuker	4337
NL4338	NOUN	ETH	bijlmervulling	4338
NL4339	NOUN	SEX	billenbeffer	4339
NL4340	NOUN	SEX	billenmaat	4340
NL4341	NOUN	SEX	billenwerker	4341
NL4342	NOUN	DER	bimbo	4342
NL4343	NOUN	PLA	bonenstaak	4343
NL4344	NOUN	ETH	bosaap	4344
NL4345	NOUN	SEX	breezerslet	4345
NL4346	NOUN	DER	burgerpik	4346
NL4347	NOUN	DER	burgertrut	4347
NL4348	NOUN	DER	corpsbal	4348
NL4349	NOUN	DER	drankorgel	4349
NL4350	NOUN	DER	droogneuker	4350
NL4351	NOUN	DIS	etterpuist	4351
NL4352	NOUN	MOR	gluipsnor	4352
NL4353	NOUN	MOR	gluiperd	4353
NL4354	NOUN	DER	graftak	4354
NL4355	NOUN	DER	graflul	4355
NL4356	NOUN	DER	grafkikker	4356
NL4357	NOUN	DER	graftor	4357
NL4358	NOUN	DER	gratenkut	4358
NL4359	NOUN	DER	gratenlul	4359
NL4360	NOUN	DER	gratenpakhuis	4360
NL4361	NOUN	DER	gratenzak	4361
NL4362	NOUN	ETH	hasjhond	4362
NL4363	NOUN	DER	hockeytrut	4363
NL4364	NOUN	DER	hockeygleuf	4364
NL4365	NOUN	DER	hockeylul	4365
NL4366	NOUN	DER	hoerenkind	4366
NL4367	NOUN	DER	huppelkut	4367
NL4368	NOUN	ETH	kamelenneuker	4368
NL4369	NOUN	ETH	kankerturk	4369
NL4370	NOUN	ETH	kankermoslim	4370
NL4371	NOUN	ETH	kankerneger	4371
NL4372	NOUN	ETH	kutturk	4372
NL4373	NOUN	ETH	kutmoslim	4373
NL4374	NOUN	ETH	kutneger	4374
NL4375	NOUN	DIS	kolerelijer	4375
NL4376	NOUN	DIS	choleralijer	4376
NL4377	NOUN	DER	kleistamper	4377
NL4378	NOUN	DER	kleihengst	4378
NL4379	NOUN	DER	kleihaas	4379
NL4380	NOUN	DER	kleikont	4380
NL4381	NOUN	DER	klootviool	4381
NL4382	NOUN	PRS	knakenhoer	4382
NL4383	NOUN	DER	kommaneuker	4383
NL4384	NOUN	MOR	krentenzifter	4384
NL4385	NOUN	DER	loser	4385
NL4386	NOUN	DER	moffenhoer	4386
NL4387	NOUN	DER	moffenmatras	4387
NL4388	NOUN	DER	moffenslet	4388
NL4389	NOUN	ETH	niknok	4389
NL4390	NOUN	ETH	niknokker	4390
NL4391	NOUN	DER	onderdeur	4391
NL4392	NOUN	DER	opdondertje	4392
NL4393	NOUN	DER	opsodemietertje	4393
NL4394	NOUN	DER	pantoffelheld	4394
NL4395	NOUN	PRO	pennenlikker	4395
NL4396	NOUN	DER	piktrekker	4396
NL4397	NOUN	DER	poepchinees	4397
NL4398	NOUN	COG	randdebiel	4398
NL4399	NOUN	REL	satansgebroed	4399
NL4400	NOUN	ETH	sausneger	4400
NL4401	NOUN	PHY	scheeloog	4401
NL4402	NOUN	DER	schlemiel	4402
NL4403	NOUN	DER	schorem	4403
NL4404	NOUN	DER	schreeuwlelijk	4404
NL4405	NOUN	DER	sikkeneur	4405
NL4406	NOUN	DER	feut	4406
NL4407	NOUN	DER	slangengebroed	4407
NL4408	NOUN	PRS	slettenbak	4408
NL4409	NOUN	SOC	sloeber	4409
NL4410	NOUN	ETH	snikker	4410
NL4411	NOUN	DER	snotaap	4411
NL4412	NOUN	ETH	soepjurk	4412
NL4413	NOUN	PHY	speknek	4413
NL4414	NOUN	DER	spast	4414
NL4415	NOUN	DER	stronthommel	4415
NL4416	NOUN	DER	stumperd	4416
NL4417	NOUN	DER	takkewijf	4417
NL4418	NOUN	DER	takkebak	4418
NL4419	NOUN	ETH	tata	4419
NL4420	NOUN	DER	tietvlieg	4420
NL4421	NOUN	DER	troela	4421
NL4422	NOUN	DER	tuthola	4422
NL4423	NOUN	DIS	tyfuswijf	4423
NL4424	NOUN	DIS	tyfushoer	4424
NL4425	NOUN	DIS	tyfuslul	4425
NL4426	NOUN	DER	uitkotsel	4426
NL4427	NOUN	DER	uitschot	4427
NL4428	NOUN	PRS	variétéhoer	4428
NL4429	NOUN	PRS	struikendel	4429
NL4430	NOUN	PRS	discosnol	4430
NL4431	NOUN	PRS	barsnol	4431
NL4432	NOUN	REL	vermaledijde	4432
NL4433	NOUN	DER	verrekkeling	4433
NL4434	NOUN	PHY	vetnek	4434
NL4435	NOUN	PHY	vetklep	4435
NL4436	NOUN	PHY	vetpens	4436
NL4437	NOUN	PHY	fatso	4437
NL4438	NOUN	PHY	vleesklomp	4438
NL4439	NOUN	DER	voddenbaai	4439
NL4440	NOUN	DER	vreetzak	4440
NL4441	NOUN	DER	vunzerik	4441
NL4442	NOUN	DER	vuilerik	4442
NL4443	NOUN	DER	wegpiraat	4443
NL4444	NOUN	DER	windbuil	4444
NL4445	NOUN	PRS	wipkip	4445
NL4446	NOUN	SEX	wipkonijn	4446
NL4447	NOUN	DER	zaagselhoofd	4447
NL4448	NOUN	DER	zaagselkop	4448
NL4449	NOUN	ETH	zandneger	4449
NL4450	NOUN	DER	zatlap	4450
NL4451	NOUN	DER	zatladder	4451
NL4452	NOUN	PRO	zielenknijper	4452
NL4453	NOUN	DER	zweefteef	4453
NL4454	NOUN	SEX	potloodventer	4454